Date,Open,High,Low,Close,Volume,Ex-Dividend,Split Ratio,Adj. Open,Adj. High,Adj. Low,Adj. Close,Adj. Volume,Returns
04-01-2016,656.29,657.715,627.51,636.99,9314519,0,1,656.29,657.715,627.51,636.99,9314519,-0.005023627
05-01-2016,646.86,646.91,627.65,633.79,5822603,0,1,646.86,646.91,627.65,633.79,5822603,-0.001798703
06-01-2016,622,639.79,620.31,632.65,5329197,0,1,622,639.79,620.31,632.65,5329197,-0.039057931
07-01-2016,621.8,630,605.21,607.94,7074915,0,1,621.8,630,605.21,607.94,7074915,-0.00146396
08-01-2016,619.66,624.14,606,607.05,5512915,0,1,619.66,624.14,606,607.05,5512915,0.017609752
11-01-2016,612.48,619.85,598.57,617.74,4891551,0,1,612.48,619.85,598.57,617.74,4891551,0.000242821
12-01-2016,625.25,625.99,612.2415,617.89,4724100,0,1,625.25,625.99,612.2415,617.89,4724100,-0.05839227
13-01-2016,620.88,620.88,579.16,581.81,7655239,0,1,620.88,620.88,579.16,581.81,7655239,0.019233083
14-01-2016,580.25,602.25,569.88,593,7237978,0,1,580.25,602.25,569.88,593,7237978,-0.038482293
15-01-2016,572.24,584.62,565.3,570.18,7784523,0,1,572.24,584.62,565.3,570.18,7784523,0.007541478
19-01-2016,577.09,584,566.45,574.48,4807165,0,1,577.09,584,566.45,574.48,4807165,-0.00471731
20-01-2016,564.36,578.45,547.18,571.77,7966406,0,1,564.36,578.45,547.18,571.77,7966406,0.005684104
21-01-2016,573.58,588.81,568.22,575.02,4952217,0,1,573.58,588.81,568.22,575.02,4952217,0.037146534
22-01-2016,588.73,600.1,584.1079,596.38,5120144,0,1,588.73,600.1,584.1079,596.38,5120144,0.000251517
25-01-2016,597.99,608.5,594.56,596.53,4396079,0,1,597.99,608.5,594.56,596.53,4396079,0.007912427
26-01-2016,603.45,604.5,590.38,601.25,3765655,0,1,603.45,604.5,590.38,601.25,3765655,-0.02977131
27-01-2016,601.99,603.39,578.78,583.35,5152853,0,1,601.99,603.39,578.78,583.35,5152853,0.08914031
28-01-2016,608.37,638.06,597.55,635.35,14015171,0,1,608.37,638.06,597.55,635.35,14015171,-0.076099788
29-01-2016,571.98,593,570,587,14677550,0,1,571.98,593,570,587,14677550,-0.02076661
01-02-2016,578.15,581.8,570.31,574.81,6355123,0,1,578.15,581.8,570.31,574.81,6355123,-0.039508707
02-02-2016,570,571.56,550.09,552.1,6312045,0,1,570,571.56,550.09,552.1,6312045,-0.038090926
03-02-2016,553.5,556,521.9,531.07,10048709,0,1,553.5,556,521.9,531.07,10048709,0.009772723
04-02-2016,525,538.99,519.2201,536.26,6199070,0,1,525,538.99,519.2201,536.26,6199070,-0.063644501
05-02-2016,529.28,529.45,499.19,502.13,9708929,0,1,529.28,529.45,499.19,502.13,9708929,-0.027940971
08-02-2016,486.47,493.5,475.21,488.1,9825509,0,1,486.47,493.5,475.21,488.1,9825509,-0.012354026
09-02-2016,478.01,498.38,474,482.07,7077915,0,1,478.01,498.38,474,482.07,7077915,0.017445599
10-02-2016,491.76,504.66,486,490.48,6786181,0,1,491.76,504.66,486,490.48,6786181,0.027197847
11-02-2016,491.17,509.3,484,503.82,7397393,0,1,491.17,509.3,484,503.82,7397393,0.006470565
12-02-2016,510.7,516.75,501.4932,507.08,5384787,0,1,510.7,516.75,501.4932,507.08,5384787,0.027648497
16-02-2016,519.48,524.45,511.66,521.1,5118500,0,1,519.48,524.45,511.66,521.1,5118500,0.024947227
17-02-2016,528.74,537.48,519.39,534.1,4824002,0,1,528.74,537.48,519.39,534.1,4824002,-0.017038008
18-02-2016,541.19,541.2,523.73,525,4735008,0,1,541.19,541.2,523.73,525,4735008,0.018857143
19-02-2016,520.71,535.95,515.35,534.9,4974717,0,1,520.71,535.95,515.35,534.9,4974717,0.045989905
22-02-2016,542.2,560.65,541.08,559.5,5566553,0,1,542.2,560.65,541.08,559.5,5566553,-0.011724754
23-02-2016,555.55,556.91,545.33,552.94,4050790,0,1,555.55,556.91,545.33,552.94,4050790,0.001989366
24-02-2016,545.75,554.27,533.1501,554.04,6231668,0,1,545.75,554.27,533.1501,554.04,6231668,0.002003465
25-02-2016,555.52,559.39,545.2946,555.15,4525463,0,1,555.52,559.39,545.2946,555.15,4525463,0.000144105
26-02-2016,560.12,562.5,553.17,555.23,4877039,0,1,560.12,562.5,553.17,555.23,4877039,-0.00488086
29-02-2016,554,564.81,552.51,552.52,4145396,0,1,554,564.81,552.51,552.52,4145396,0.047998263
01-03-2016,556.29,579.25,556,579.04,5038452,0,1,556.29,579.25,556,579.04,5038452,0.002020586
02-03-2016,581.75,585,573.7,580.21,4582170,0,1,581.75,585,573.7,580.21,4582170,-0.004687958
03-03-2016,577.96,579.866,573.11,577.49,2741292,0,1,577.96,579.866,573.11,577.49,2741292,-0.004069335
04-03-2016,581.07,581.4,571.065,575.14,3416545,0,1,581.07,581.4,571.065,575.14,3416545,-0.021455646
07-03-2016,573.54,573.63,555.55,562.8,4932527,0,1,573.54,573.63,555.55,562.8,4932527,-0.004513149
08-03-2016,557.87,571.35,554.74,560.26,4679663,0,1,557.87,571.35,554.74,560.26,4679663,-0.00141006
09-03-2016,559.56,560.35,550.125,559.47,4377283,0,1,559.56,560.35,550.125,559.47,4377283,-0.000965199
10-03-2016,566.74,567,547.9,558.93,3919892,0,1,566.74,567,547.9,558.93,3919892,0.019107938
11-03-2016,566.95,570.06,562.73,569.61,3771310,0,1,566.95,570.06,562.73,569.61,3771310,0.006601008
14-03-2016,567,576.89,563.05,573.37,3454152,0,1,567,576.89,563.05,573.37,3454152,0.006365872
15-03-2016,571,581.52,567,577.02,3876821,0,1,571,581.52,567,577.02,3876821,-0.004765866
16-03-2016,576.64,581.32,571.14,574.27,3537669,0,1,576.64,581.32,571.14,574.27,3537669,-0.02582409
17-03-2016,569.51,571.4,555.01,559.44,5928105,0,1,569.51,571.4,555.01,559.44,5928105,-0.013156013
18-03-2016,560.94,562.33,546.09,552.08,7296885,0,1,560.94,562.33,546.09,552.08,7296885,0.00344153
21-03-2016,548.91,555.24,538.58,553.98,5155732,0,1,548.91,555.24,538.58,553.98,5155732,0.011733276
22-03-2016,545.11,562.76,545.05,560.48,4000564,0,1,545.11,562.76,545.05,560.48,4000564,0.016325293
23-03-2016,561,572.48,558.1,569.63,3983720,0,1,561,572.48,558.1,569.63,3983720,0.0233836
24-03-2016,567.11,583.55,567.08,582.95,5185539,0,1,567.11,583.55,567.08,582.95,5185539,-0.005283472
28-03-2016,584.4,584.75,575.56,579.87,3121522,0,1,584.4,584.75,575.56,579.87,3121522,0.024126097
29-03-2016,580.15,595.85,576.5,593.86,4392567,0,1,580.15,595.85,576.5,593.86,4392567,0.00813323
30-03-2016,596.71,603.24,595,598.69,3890461,0,1,596.71,603.24,595,598.69,3890461,-0.008435083
31-03-2016,599.28,600.75,592.21,593.64,2681811,0,1,599.28,600.75,592.21,593.64,2681811,0.00818678
01-04-2016,590.49,599.03,588.3,598.5,2917386,0,1,590.49,599.03,588.3,598.5,2917386,-0.00887218
04-04-2016,599,599.5,590.55,593.19,2470825,0,1,599,599.5,590.55,593.19,2470825,-0.011884894
05-04-2016,590.77,593.47,585.25,586.14,2308884,0,1,590.77,593.47,585.25,586.14,2308884,0.027194868
06-04-2016,587.52,602.39,587.5,602.08,2849909,0,1,587.52,602.39,587.5,602.08,2849909,-0.017688679
07-04-2016,598.76,599.6,589.08,591.43,3189037,0,1,598.76,599.6,589.08,591.43,3189037,0.00535989
08-04-2016,594.32,597.86,589,594.6,2591936,0,1,594.32,597.86,589,594.6,2591936,0.002236798
11-04-2016,596.14,604,594.91,595.93,2704267,0,1,596.14,604,594.91,595.93,2704267,0.012149078
12-04-2016,598.4,604.06,592.31,603.17,2641062,0,1,598.4,604.06,592.31,603.17,2641062,0.019314621
13-04-2016,607.68,616.81,605.29,614.82,4228349,0,1,607.68,616.81,605.29,614.82,4228349,0.009645099
14-04-2016,615.07,624.38,615.07,620.75,3512136,0,1,615.07,624.38,615.07,620.75,3512136,0.008280306
15-04-2016,621.92,626.77,618.11,625.89,2887681,0,1,621.92,626.77,618.11,625.89,2887681,0.015114477
18-04-2016,625.35,637.64,624.9603,635.35,4360883,0,1,625.35,637.64,624.9603,635.35,4360883,-0.01172582
19-04-2016,637.14,638.01,620.8,627.9,4055870,0,1,637.14,638.01,620.8,627.9,4055870,0.008106386
20-04-2016,630,636.55,623,632.99,2609425,0,1,630,636.55,623,632.99,2609425,-0.00314381
21-04-2016,631,637.82,628.5,631,2596298,0,1,631,637.82,628.5,631,2596298,-0.016640254
22-04-2016,624.47,628.25,611.56,620.5,5083904,0,1,624.47,628.25,611.56,620.5,5083904,0.00918614
25-04-2016,616.61,626.98,616.2511,626.2,2682924,0,1,616.61,626.98,616.2511,626.2,2682924,-0.014883424
26-04-2016,626.17,626.7549,614.88,616.88,2521433,0,1,626.17,626.7549,614.88,616.88,2521433,-0.016713137
27-04-2016,611.8,615.95,601.28,606.57,4068767,0,1,611.8,615.95,601.28,606.57,4068767,-0.007534168
28-04-2016,615.54,626.8,599.2,602,7872605,0,1,615.54,626.8,599.2,602,7872605,0.095664452
29-04-2016,666,669.98,654,659.59,10310739,0,1,666,669.98,654,659.59,10310739,0.036780424
02-05-2016,663.92,685.5,662.0251,683.85,6578517,0,1,663.92,685.5,662.0251,683.85,6578517,-0.018322732
03-05-2016,677.36,680.3,670.43,671.32,4923351,0,1,677.36,680.3,670.43,671.32,4923351,-0.000625633
04-05-2016,662.59,674,662.14,670.9,4635462,0,1,662.59,674,662.14,670.9,4635462,-0.01760322
05-05-2016,673.31,676.49,656,659.09,4884114,0,1,673.31,676.49,656,659.09,4884114,0.022546238
06-05-2016,656.05,676.95,656.01,673.95,4365345,0,1,656.05,676.95,656.01,673.95,4365345,0.00860598
09-05-2016,673.95,686.98,671.41,679.75,3982161,0,1,673.95,686.98,671.41,679.75,3982161,0.03430673
10-05-2016,694,704.55,693.5,703.07,6105570,0,1,694,704.55,693.5,703.07,6105570,0.014450908
11-05-2016,705.79,719,701.65,713.23,7338196,0,1,705.79,719,701.65,713.23,7338196,0.00658974
12-05-2016,717.38,722.45,711.51,717.93,5048150,0,1,717.38,722.45,711.51,717.93,5048150,-0.011157077
13-05-2016,714.64,719.25,706.51,709.92,4763419,0,1,714.64,719.25,706.51,709.92,4763419,0.001042371
16-05-2016,710.13,713.25,700.28,710.66,5432920,0,1,710.13,713.25,700.28,710.66,5432920,-0.021655925
17-05-2016,709.9,714.47,693.91,695.27,5121357,0,1,709.9,714.47,693.91,695.27,5121357,0.003135473
18-05-2016,689.56,702.5399,688.76,697.45,4283189,0,1,689.56,702.5399,688.76,697.45,4283189,0.00153416
19-05-2016,691.88,699.4,689.56,698.52,3025566,0,1,691.88,699.4,689.56,698.52,3025566,0.00612724
20-05-2016,701.05,707.24,700,702.8,2916165,0,1,701.05,707.24,700,702.8,2916165,-0.008608423
23-05-2016,704.25,706,696.42,696.75,2595082,0,1,704.25,706,696.42,696.75,2595082,0.010692501
24-05-2016,698.01,707.5,698,704.2,3033782,0,1,698.01,707.5,698,704.2,3033782,0.005893212
25-05-2016,708,710.86,705.5159,708.35,3276631,0,1,708,710.86,705.5159,708.35,3276631,0.009260959
26-05-2016,708.33,715,707.293,714.91,2446681,0,1,708.33,715,707.293,714.91,2446681,-0.003734736
27-05-2016,715,716.6,711.1,712.24,2249164,0,1,715,716.6,711.1,712.24,2249164,0.014812423
31-05-2016,712.33,724.23,711.32,722.79,3618323,0,1,712.33,724.23,711.32,722.79,3618323,-0.004634818
01-06-2016,720.9,726.43,718.22,719.44,3263107,0,1,720.9,726.43,718.22,719.44,3263107,0.012231736
02-06-2016,720.97,728.28,715.5001,728.24,3026583,0,1,720.97,728.28,715.5001,728.24,3026583,-0.003707569
03-06-2016,726.74,727,718.43,725.54,3367306,0,1,726.74,727,718.43,725.54,3367306,0.001640158
06-06-2016,726.5,731.5,724.42,726.73,2704806,0,1,726.5,731.5,724.42,726.73,2704806,-0.00411432
07-06-2016,729.89,730,720.55,723.74,2732463,0,1,729.89,730,720.55,723.74,2732463,0.004006964
08-06-2016,726.4,729.42,721.6,726.64,2223366,0,1,726.4,729.42,721.6,726.64,2223366,0.001389959
09-06-2016,723.1,728.91,722.3,727.65,2170318,0,1,723.1,728.91,722.3,727.65,2170318,-0.013385556
10-06-2016,722.35,724.98,714.21,717.91,3425718,0,1,722.35,724.98,714.21,717.91,3425718,-0.003719129
13-06-2016,714.01,721.99,711.16,715.24,3352201,0,1,714.01,721.99,711.16,715.24,3352201,0.005676416
14-06-2016,712.33,720.805,712.27,719.3,2506922,0,1,712.33,720.805,712.27,719.3,2506922,-0.007006812
15-06-2016,722,722.56,713.3522,714.26,2709447,0,1,722,722.56,713.3522,714.26,2709447,0.004550164
16-06-2016,712.05,718,705.3,717.51,3097961,0,1,712.05,718,705.3,717.51,3097961,-0.015498042
17-06-2016,718.19,718.2,699.18,706.39,5897788,0,1,718.19,718.2,699.18,706.39,5897788,0.010787242
20-06-2016,713.5,721.31,710.81,714.01,3677162,0,1,713.5,721.31,710.81,714.01,3677162,0.002534979
21-06-2016,715.72,718.4,712.721,715.82,2137534,0,1,715.72,718.4,712.721,715.82,2137534,-0.007292336
22-06-2016,716.58,717,707.565,710.6,2260454,0,1,716.58,717,707.565,710.6,2260454,0.016155362
23-06-2016,715.5,722.12,712.5,722.08,2824974,0,1,715.5,722.12,712.5,722.08,2824974,-0.032018613
24-06-2016,693,712.5292,692.2,698.96,7632511,0,1,693,712.5292,692.2,698.96,7632511,-0.010873297
27-06-2016,692.01,696.8189,682.115,691.36,5584037,0,1,692.01,696.8189,682.115,691.36,5584037,0.023996181
28-06-2016,700,708,698.1714,707.95,4036957,0,1,700,708,698.1714,707.95,4036957,0.010805848
29-06-2016,715.75,719.5,713.54,715.6,3070052,0,1,715.75,719.5,713.54,715.6,3070052,2.79E-05
30-06-2016,717.2,719.37,712.54,715.62,2855142,0,1,717.2,719.37,712.54,715.62,2855142,0.01405774
01-07-2016,717.32,728,716.54,725.68,2920423,0,1,717.32,728,716.54,725.68,2920423,0.003334803
05-07-2016,722.8,728.11,719.61,728.1,2431431,0,1,722.8,728.11,719.61,728.1,2431431,0.013061393
06-07-2016,725.71,737.77,722.58,737.61,3938249,0,1,725.71,737.77,722.58,737.61,3938249,-0.001409959
07-07-2016,739.33,739.55,731.63,736.57,2945783,0,1,739.33,739.55,731.63,736.57,2945783,0.012544633
08-07-2016,740.14,746.1,738,745.81,3429217,0,1,740.14,746.1,738,745.81,3429217,0.010686368
11-07-2016,750,755.9,747,753.78,3195272,0,1,750,755.9,747,753.78,3195272,-0.007389424
12-07-2016,756.86,757.34,740.33,748.21,5623657,0,1,756.86,757.34,740.33,748.21,5623657,-0.007457799
13-07-2016,746.76,756.87,741.25,742.63,4142265,0,1,746.76,756.87,741.25,742.63,4142265,-0.001925589
14-07-2016,748.86,749.04,739.02,741.2,2390472,0,1,748.86,749.04,739.02,741.2,2390472,-0.007771182
15-07-2016,746.55,746.55,734.05,735.44,3121385,0,1,746.55,746.55,734.05,735.44,3121385,0.00085663
18-07-2016,735.49,741.5954,728.72,736.07,2954914,0,1,735.49,741.5954,728.72,736.07,2954914,0.005271238
19-07-2016,732.5,743.33,732.31,739.95,2216820,0,1,732.5,743.33,732.31,739.95,2216820,0.007797824
20-07-2016,744,746.25,740.7,745.72,2214023,0,1,744,746.25,740.7,745.72,2214023,-0.001729872
21-07-2016,747.5,749.36,742.7918,744.43,2317072,0,1,747.5,749.36,742.7918,744.43,2317072,0.000577623
22-07-2016,747.79,751.28,743.53,744.86,2277711,0,1,747.79,751.28,743.53,744.86,2277711,-0.007048304
25-07-2016,746.55,748.5,735.35,739.61,2679290,0,1,746.55,748.5,735.35,739.61,2679290,-0.005435297
26-07-2016,742.71,743.13,732.7525,735.59,2529692,0,1,742.71,743.13,732.7525,735.59,2529692,0.001468209
27-07-2016,737.97,740.94,733.86,736.67,2913134,0,1,737.97,740.94,733.86,736.67,2913134,0.021637911
28-07-2016,745.98,753.36,739.7,752.61,7617580,0,1,745.98,753.36,739.7,752.61,7617580,0.008237998
29-07-2016,765,766,755,758.81,6777050,0,1,765,766,755,758.81,6777050,0.011768427
01-08-2016,759.87,770.5,757.06,767.74,3578205,0,1,759.87,770.5,757.06,767.74,3578205,-0.009326074
02-08-2016,763.81,765.01,757.02,760.58,3603280,0,1,763.81,765.01,757.02,760.58,3603280,-0.007809829
03-08-2016,757.06,758.89,752.25,754.64,3581525,0,1,757.06,758.89,752.25,754.64,3581525,0.008123079
04-08-2016,753.7,765,750.35,760.77,3178208,0,1,753.7,765,750.35,760.77,3178208,0.006848325
05-08-2016,764.81,768.47,763.09,765.98,2704391,0,1,764.81,768.47,763.09,765.98,2704391,0.0007572
08-08-2016,766.81,767,761.015,766.56,1986272,0,1,766.81,767,761.015,766.56,1986272,0.002282926
09-08-2016,767.39,772.6,766.9,768.31,1876091,0,1,767.39,772.6,766.9,768.31,1876091,0.000325389
10-08-2016,769.8,772.1,766.19,768.56,1604280,0,1,769.8,772.1,766.19,768.56,1604280,0.003487041
11-08-2016,769.94,773.75,769.12,771.24,2019740,0,1,769.94,773.75,769.12,771.24,2019740,0.001711529
12-08-2016,768.46,773.15,768.4225,772.56,1563318,0,1,768.46,773.15,768.4225,772.56,1563318,-0.005268199
15-08-2016,771.9,772.04,767.71,768.49,2118521,0,1,771.9,772.04,767.71,768.49,2118521,-0.005790576
16-08-2016,768.62,768.7317,763.82,764.04,1604561,0,1,768.62,768.7317,763.82,764.04,1604561,0.000772211
17-08-2016,764.41,765.22,759.199,764.63,1891116,0,1,764.41,765.22,759.199,764.63,1891116,-0.00022233
18-08-2016,764,765.17,760.6,764.46,1458834,0,1,764,765.17,760.6,764.46,1458834,-0.009353007
19-08-2016,761.9,762.49,756.89,757.31,2343237,0,1,761.9,762.49,756.89,757.31,2343237,0.002865405
22-08-2016,757.5,759.85,752.1,759.48,1679251,0,1,757.5,759.85,752.1,759.48,1679251,0.00391057
23-08-2016,763.31,764.7,761,762.45,1524131,0,1,763.31,764.7,761,762.45,1524131,-0.006820119
24-08-2016,763,763.41,755.36,757.25,1744107,0,1,763,763.41,755.36,757.25,1744107,0.002601519
25-08-2016,756,760.56,754.741,759.22,1622992,0,1,756,760.56,754.741,759.22,1622992,0.012881642
26-08-2016,760.05,770,759.795,769,2776830,0,1,760.05,770,759.795,769,2776830,0.002977893
29-08-2016,768.72,774.98,768.6,771.29,2198560,0,1,768.72,774.98,768.6,771.29,2198560,-0.004810123
30-08-2016,771.05,771.8358,765.56,767.58,1709158,0,1,771.05,771.8358,765.56,767.58,1709158,0.002058417
31-08-2016,766.6,769.64,764,769.16,1633789,0,1,766.6,769.64,764,769.16,1633789,0.001898175
01-09-2016,770.9,772.04,766.75,770.62,1792271,0,1,770.9,772.04,766.75,770.62,1792271,0.002361735
02-09-2016,774.11,776,771.7,772.44,2181792,0,1,774.11,776,771.7,772.44,2181792,0.02127026
06-09-2016,774.04,789.48,770.22,788.87,3719788,0,1,774.04,789.48,770.22,788.87,3719788,-0.005564922
07-09-2016,789.53,790.79,784.33,784.48,2424622,0,1,789.53,790.79,784.33,784.48,2424622,-0.000535386
08-09-2016,783.89,786.5,781.44,784.06,2030511,0,1,783.89,786.5,781.44,784.06,2030511,-0.030507869
09-09-2016,779.36,781,760.11,760.14,4257344,0,1,779.36,781,760.11,760.14,4257344,0.01493146
12-09-2016,757.35,772.66,756,771.49,3124704,0,1,757.35,772.66,756,771.49,3124704,-0.013584103
13-09-2016,768.77,769.89,759.05,761.01,3117224,0,1,768.77,769.89,759.05,761.01,3117224,0.000105123
14-09-2016,762.2,767.5,758.85,761.09,2531822,0,1,762.2,767.5,758.85,761.09,2531822,0.011299583
15-09-2016,762,770.87,757.58,769.69,3043534,0,1,762,770.87,757.58,769.69,3043534,0.011472151
16-09-2016,773.28,780.46,771.66,778.52,5499182,0,1,773.28,780.46,771.66,778.52,5499182,-0.004392951
19-09-2016,779.97,781.94,771,775.1,2297221,0,1,779.97,781.94,771,775.1,2297221,0.006605599
20-09-2016,776,781.37,776,780.22,1937164,0,1,776,781.37,776,780.22,1937164,0.012201687
21-09-2016,783.25,790.69,779.01,789.74,2718644,0,1,783.25,790.69,779.01,789.74,2718644,0.018942943
22-09-2016,794.27,805.889,794.27,804.7,4078910,0,1,794.27,805.889,794.27,804.7,4078910,0.001304834
23-09-2016,803.13,807.75,802.12,805.75,2353511,0,1,803.13,807.75,802.12,805.75,2353511,-0.008178715
26-09-2016,801.8,805.93,797.145,799.16,2651397,0,1,801.8,805.93,797.145,799.16,2651397,0.02120977
27-09-2016,801.85,816.64,801.11,816.11,3819600,0,1,801.85,816.64,801.11,816.11,3819600,0.015451348
28-09-2016,818,830.14,817.0337,828.72,4422078,0,1,818,830.14,817.0337,828.72,4422078,0.000398204
29-09-2016,828.26,837.5,824.63,829.05,4922248,0,1,828.26,837.5,824.63,829.05,4922248,0.009963211
30-09-2016,832.61,839.95,832.4,837.31,4430566,0,1,832.61,839.95,832.4,837.31,4430566,-0.000680751
03-10-2016,836,839.86,831.25,836.74,2769448,0,1,836,839.86,831.25,836.74,2769448,-0.00323876
04-10-2016,840.91,842.365,830.26,834.03,2950314,0,1,840.91,842.365,830.26,834.03,2950314,0.012385646
05-10-2016,838,845.67,836.12,844.36,3469055,0,1,838,845.67,836.12,844.36,3469055,-0.003197688
06-10-2016,843.7,847.21,840.6,841.66,2684013,0,1,843.7,847.21,840.6,841.66,2684013,-0.002649526
07-10-2016,845.79,845.95,837.45,839.43,2426228,0,1,845.79,845.95,837.45,839.43,2426228,0.002716129
10-10-2016,843.25,845.2,840.27,841.71,1827143,0,1,843.25,845.2,840.27,841.71,1827143,-0.012724097
11-10-2016,841.02,841.29,828.35,831,3588180,0,1,841.02,841.29,828.35,831,3588180,0.003718412
12-10-2016,834,837.666,830.1,834.09,2380416,0,1,834,837.666,830.1,834.09,2380416,-0.005766764
13-10-2016,829,831.8,821.21,829.28,3091387,0,1,829,831.8,821.21,829.28,3091387,-0.007621069
14-10-2016,835.08,835.74,822.96,822.96,2999814,0,1,835.08,835.74,822.96,822.96,2999814,-0.01216341
17-10-2016,821.5,822,811.68,812.95,3361492,0,1,821.5,822,811.68,812.95,3361492,0.005781413
18-10-2016,822.11,823.26,815.02,817.65,2512504,0,1,822.11,823.26,815.02,817.65,2512504,4.89E-05
19-10-2016,820.4,820.67,815.17,817.69,2090706,0,1,820.4,820.67,815.17,817.69,2090706,-0.009013196
20-10-2016,813.99,815.71,803.1,810.32,3151954,0,1,813.99,815.71,803.1,810.32,3151954,0.010699477
21-10-2016,809.36,819.42,809,818.99,2793015,0,1,809.36,819.42,809,818.99,2793015,0.023321408
24-10-2016,824.95,838.3,822.21,838.09,4060899,0,1,824.95,838.3,822.21,838.09,4060899,-0.003472181
25-10-2016,839.3,843.09,833.22,835.18,3248358,0,1,839.3,843.09,833.22,835.18,3248358,-0.015074595
26-10-2016,832.76,833.44,820,822.59,3998102,0,1,832.76,833.44,820,822.59,3998102,-0.005142294
27-10-2016,831.24,831.72,815.43,818.36,7406385,0,1,831.24,831.72,815.43,818.36,7406385,-0.051371035
28-10-2016,782,789.49,774.61,776.32,10841073,0,1,782,789.49,774.61,776.32,10841073,0.017389736
31-10-2016,781.03,793.7,780.11,789.82,5413326,0,1,781.03,793.7,780.11,789.82,5413326,-0.005583551
01-11-2016,799,800.84,776.713,785.41,5305428,0,1,799,800.84,776.713,785.41,5305428,-0.025273424
02-11-2016,783.93,784.75,763.55,765.56,5026504,0,1,783.93,784.75,763.55,765.56,5026504,0.001920163
03-11-2016,765.05,777,764,767.03,3872496,0,1,765.05,777,764,767.03,3872496,-0.015618685
04-11-2016,762.79,766,753.2301,755.05,5122103,0,1,762.79,766,753.2301,755.05,5122103,0.039573538
07-11-2016,771.64,787.732,770.94,784.93,5984354,0,1,771.64,787.732,770.94,784.93,5984354,0.003592677
08-11-2016,784.97,791.7399,779.1,787.75,3412629,0,1,784.97,791.7399,779.1,787.75,3412629,-0.020145985
09-11-2016,764,777.5,760.09,771.88,8562892,0,1,764,777.5,760.09,771.88,8562892,-0.038218376
10-11-2016,778.81,778.83,717.7,742.38,12746994,0,1,778.81,778.83,717.7,742.38,12746994,-0.004539454
11-11-2016,735.73,743.26,728.9,739.01,6622784,0,1,735.73,743.26,728.9,739.01,6622784,-0.026982044
14-11-2016,745.51,746,710.1,719.07,7321344,0,1,745.51,746,710.1,719.07,7321344,0.033612861
15-11-2016,730,746.78,725.99,743.24,6755785,0,1,730,746.78,725.99,743.24,6755785,0.004372746
16-11-2016,718,749.87,735.61,746.49,3648791,0,1,718,749.87,735.61,746.49,3648791,0.013275462
17-11-2016,749.32,757.5,748,756.4,3690112,0,1,749.32,757.5,748,756.4,3690112,0.004970915
18-11-2016,761,767.74,757.6435,760.16,4373408,0,1,761,767.74,757.6435,760.16,4373408,0.026099768
21-11-2016,766,780.35,765.11,780,4614574,0,1,766,780.35,765.11,780,4614574,0.006833333
22-11-2016,788.17,792.4,781,785.33,5311320,0,1,788.17,792.4,781,785.33,5311320,-0.006634154
23-11-2016,781.73,781.75,773.12,780.12,3540263,0,1,781.73,781.75,773.12,780.12,3540263,0.000320464
25-11-2016,786.5,786.75,777.9,780.37,1837068,0,1,786.5,786.75,777.9,780.37,1837068,-0.01742763
28-11-2016,776.99,777,764.24,766.77,4438828,0,1,776.99,777,764.24,766.77,4438828,-0.005542731
29-11-2016,768,769.89,761.32,762.52,3272344,0,1,768,769.89,761.32,762.52,3272344,-0.01567172
30-11-2016,762,768.09,750.25,750.57,4625946,0,1,762,768.09,750.25,750.57,4625946,-0.00921966
01-12-2016,752.41,753.37,738.03,743.65,4665993,0,1,752.41,753.37,738.03,743.65,4665993,-0.004451019
02-12-2016,743.4,748.4903,736.7,740.34,3561307,0,1,743.4,748.4903,736.7,740.34,3561307,0.025690899
05-12-2016,745,761.49,742,759.36,4314723,0,1,745,761.49,742,759.36,4314723,0.007058576
06-12-2016,763.99,768.24,757.25,764.72,3794746,0,1,763.99,768.24,757.25,764.72,3794746,0.007453709
07-12-2016,764.55,770.42,755.82,770.42,3684906,0,1,764.55,770.42,755.82,770.42,3684906,-0.004010799
08-12-2016,771.87,773.79,765.19,767.33,3189608,0,1,771.87,773.79,765.19,767.33,3189608,0.001733283
09-12-2016,770,770.25,765.34,768.66,2470923,0,1,770,770.25,765.34,768.66,2470923,-0.011110244
12-12-2016,766.4,766.89,757.2,760.12,2963945,0,1,766.4,766.89,757.2,760.12,2963945,0.018707572
13-12-2016,764.96,782.46,762,774.34,5285288,0,1,764.96,782.46,762,774.34,5285288,-0.007128651
14-12-2016,778.25,780.86,762.81,768.82,5454836,0,1,778.25,780.86,762.81,768.82,5454836,-0.010171432
15-12-2016,766.28,769.1,760.31,761,3801927,0,1,766.28,769.1,760.31,761,3801927,-0.004244415
16-12-2016,765,765.13,754,757.77,4848219,0,1,765,765.13,754,757.77,4848219,0.010860815
19-12-2016,758.89,770.5,756.16,766,3113240,0,1,758.89,770.5,756.16,766,3113240,0.006814621
20-12-2016,768.65,774.39,767.71,771.22,2703629,0,1,768.65,774.39,767.71,771.22,2703629,-0.000803921
21-12-2016,770,771.22,765.7,770.6,2044629,0,1,770,771.22,765.7,770.6,2044629,-0.00552816
22-12-2016,768.12,771.21,763.02,766.34,2543551,0,1,768.12,771.21,763.02,766.34,2543551,-0.007503197
23-12-2016,764.55,766.5,757.99,760.59,1981616,0,1,764.55,766.5,757.99,760.59,1981616,0.014212651
27-12-2016,763.4,774.65,761.2,771.4,2638725,0,1,763.4,774.65,761.2,771.4,2638725,0.000946331
28-12-2016,776.25,780,770.5,772.13,3301025,0,1,776.25,780,770.5,772.13,3301025,-0.009039929
29-12-2016,772.4,773.4,760.85,765.15,3158299,0,1,772.4,773.4,760.85,765.15,3158299,-0.019969941
30-12-2016,766.47,767.3999,748.28,749.87,4139449,0,1,766.47,767.3999,748.28,749.87,4139449,
